"ID","Source File","Source Sheet","Source Row","Priority","Issue","Original Root Cause","Status","Canonical ID","Actual Change","Before / After","Verification Evidence","Dependencies"
"APP-BT-001","Bug_Report.xlsx","Bug Report","8","Critical","API بلا Authentication فعلي","لا يوجد هوية موثقة أو policy على controllers","Fixed & Verified","","جلسات Bearer موثقة وصلاحيات تعتمد actor من الخادم، مع عزل الموظف والفريق وHR وBoard وCORS محدد.","قبل: بالكود: لا AddAuthentication ولا UseAuthentication ولا [Authorize]؛ UseAuthorization وحده لا يحمي endpoints | بعد: السلوك المحدد مثبت بالدليل المذكور","AuthorizationTests؛ browser_smoke.py",""
"APP-BT-002","Bug_Report.xlsx","Bug Report","9","Critical","انتحال هوية موظف عبر X-Employee-Id","هوية العميل مصدرها header قابل للتغيير","Fixed & Verified","","جلسات Bearer موثقة وصلاحيات تعتمد actor من الخادم، مع عزل الموظف والفريق وHR وBoard وCORS محدد.","قبل: بالكود: controller يمرر قيمة header مباشرة إلى service؛ يمكن إنشاء طلب باسم الرقم المرسل | بعد: السلوك المحدد مثبت بالدليل المذكور","AuthorizationTests؛ browser_smoke.py","BT-001"
"APP-BT-003","Bug_Report.xlsx","Bug Report","10","Critical","المدير يستطيع اعتماد طلب من خارج فريقه","شرط علاقة المدير بصاحب الطلب مفقود","Fixed & Verified","","جلسات Bearer موثقة وصلاحيات تعتمد actor من الخادم، مع عزل الموظف والفريق وHR وBoard وCORS محدد.","قبل: بالكود: CanApprove/CanReject يرجع true لأي Manager مع status=Pending؛ managerId وrequestOwnerId غير مستخدمين | بعد: السلوك المحدد مثبت بالدليل المذكور","AuthorizationTests؛ browser_smoke.py","BT-001"
"APP-BT-004","Bug_Report.xlsx","Bug Report","11","Critical","إدارة الموظفين العامة بلا قيد HR","وصف HR only تعليق فقط","Fixed & Verified","","جلسات Bearer موثقة وصلاحيات تعتمد actor من الخادم، مع عزل الموظف والفريق وHR وBoard وCORS محدد.","قبل: بالكود: لا [Authorize] ولا تحقق HR داخل actions | بعد: السلوك المحدد مثبت بالدليل المذكور","AuthorizationTests؛ browser_smoke.py","BT-001"
"APP-BT-005","Bug_Report.xlsx","Bug Report","12","Critical","كشف الطلبات والأرصدة لكل المؤسسة","غياب فحص الملكية والدور على عمليات القراءة","Fixed & Verified","","جلسات Bearer موثقة وصلاحيات تعتمد actor من الخادم، مع عزل الموظف والفريق وHR وBoard وCORS محدد.","قبل: بالكود: GetAllRequests يتجاهل role؛ GetTransactionById لا يفحص ملكية؛ كل balance endpoints بلا auth | بعد: السلوك المحدد مثبت بالدليل المذكور","AuthorizationTests؛ browser_smoke.py","BT-001"
"APP-BT-006","Bug_Report.xlsx","Bug Report","13","Critical","ترقية دور التقارير عبر X-Employee-Role","الدور من header غير موثق مع fallback مفتوح","Fixed & Verified","","جلسات Bearer موثقة وصلاحيات تعتمد actor من الخادم، مع عزل الموظف والفريق وHR وBoard وCORS محدد.","قبل: بالكود: BuildBaseQuery لا يطبق filter إلا على Employee/Manager، وأي قيمة أخرى ترى الكل | بعد: السلوك المحدد مثبت بالدليل المذكور","AuthorizationTests؛ browser_smoke.py","BT-001"
"APP-BT-007","Bug_Report.xlsx","Bug Report","14","Critical","كلمات المرور محفوظة ومقارنة كنص صريح","لا يوجد hashing ولا password verifier","Open","","أعيد استخدام النص الصريح في RMS التجريبية بناءً على طلب المستخدم؛ إزالة الـhash خالفت إصلاح هذا العيب أمنيًا.","قبل الإصلاح: نص صريح | كان: hashes فردية | الآن: 5/5 قيم نصية موحدة؛ العيب الأمني موجود في نسخة الاختبار","009_test_plaintext_password_reset.sql؛ PasswordStorageTests؛ browser_shared_password.py؛ قرار المستخدم في المحادثة",""
"APP-BT-008","Bug_Report.xlsx","Bug Report","15","Critical","حسابات تجريبية بكلمات مرور ثابتة في سكربت التأسيس","بيانات اعتماد افتراضية مضمنة في المصدر","Open","","الـseed لا يحوي سرًا ثابتًا، لكن الحسابات الخمسة الحالية أُعيد ضبطها لسر واحد بطلب المستخدم؛ خطر credential مشتركة قائم.","قبل: seed ثابت | كان: hashes مختلفة | الآن: 5 حسابات لها نفس النص في RMS التجريبية","009_test_plaintext_password_reset.sql؛ فحص COUNT(DISTINCT Password)=1؛ قرار المستخدم","APP-BT-007"
"APP-BT-009","Bug_Report.xlsx","Bug Report","16","Critical","سكريبت إنشاء DB لا يطابق EF schema","مصدران مختلفان للـschema بلا migration متطابقة","Fixed & Verified","","EF يطابق جداول RMS، ولا يوجد DDL صامت في startup؛ هجرات صريحة فقط.","قبل: بالكود: السكربت ينشئ EmployeeLevels/Statuses وAnnualLeaveEntitlement/TransactionTypeName؛ النماذج تستخدم EmployeeLevel/Status وRegularLeaveperYear/Name | بعد: السلوك المحدد مثبت بالدليل المذكور","SchemaCompatibility؛ 001_baseline_validation.sql",""
"APP-BT-010","Bug_Report.xlsx","Bug Report","17","Critical","أنواع الإجازة ترسل IDs خاطئة","IDs hardcoded ومتعارضة مع seed","Fixed & Verified","","توحيد lookup IDs، رفع مستندات مرضية multipart وتخزينها، وإرسال الحقول المطلوبة عند إنشاء الموظف.","قبل: بالكود: Casual يرسل 1=سِك في seed؛ Sick يرسل 3=Half Day | بعد: السلوك المحدد مثبت بالدليل المذكور","TransactionValidationTests؛ browser_smoke.py","BT-009"
"APP-BT-011","Bug_Report.xlsx","Bug Report","18","Critical","الملفات الطبية لا تُرفع أو تُخزن","ميزة upload غير موصولة بتخزين/DTO","Fixed & Verified","","توحيد lookup IDs، رفع مستندات مرضية multipart وتخزينها، وإرسال الحقول المطلوبة عند إنشاء الموظف.","قبل: بالكود: File objects تُرسل في JSON وCreateTransactionRequestDto لا يحتوي ملفات؛ لا upload endpoint | بعد: السلوك المحدد مثبت بالدليل المذكور","TransactionValidationTests؛ browser_smoke.py","BT-010"
"APP-BT-012","Bug_Report.xlsx","Bug Report","19","Critical","إنشاء موظف لا يرسل كلمة مرور أو دور","عقد الواجهة والخادم غير متطابق","Fixed & Verified","","توحيد lookup IDs، رفع مستندات مرضية multipart وتخزينها، وإرسال الحقول المطلوبة عند إنشاء الموظف.","قبل: بالكود: payload بلا password/employeeRole؛ DTO يملأهما بقيم افتراضية فارغة/0 | بعد: السلوك المحدد مثبت بالدليل المذكور","TransactionValidationTests؛ browser_smoke.py","BT-004"
"APP-BT-013","Bug_Report.xlsx","Bug Report","20","Critical","التاريخ المختار ينقص يومًا في توقيت القاهرة","تحويل تاريخ محلي إلى UTC قبل أخذ YYYY-MM-DD","Fixed & Verified","","تاريخ محلي بلا انزياح القاهرة، Sign صحيح لـBonus، والتحقق من التاريخ والنوع والتداخل والرصيد.","قبل: اختبار Node: local midnight ثم toISOString ينتج 2026-09-23 | بعد: السلوك المحدد مثبت بالدليل المذكور","dateOnly.test.js؛ LeaveBalanceTests؛ TransactionValidationTests",""
"APP-BT-014","Bug_Report.xlsx","Bug Report","21","Critical","رصيد Bonus يُخصم بدل أن يُضاف","فقدان دلالة Sign بسبب Abs","Fixed & Verified","","تاريخ محلي بلا انزياح القاهرة، Sign صحيح لـBonus، والتحقق من التاريخ والنوع والتداخل والرصيد.","قبل: بالكود: Math.Abs(days) ثم طرحه؛ Sick ذات Sign=0 تبقى محايدة، لكن Bonus تُخصم | بعد: السلوك المحدد مثبت بالدليل المذكور","dateOnly.test.js؛ LeaveBalanceTests؛ TransactionValidationTests","BT-009"
"APP-BT-015","Bug_Report.xlsx","Bug Report","22","Critical","الطلبات لا تُراجع رصيدها أو صلاحية تواريخها في الخادم","التحقق موجود جزئيًا في الواجهة فقط","Fixed & Verified","","تاريخ محلي بلا انزياح القاهرة، Sign صحيح لـBonus، والتحقق من التاريخ والنوع والتداخل والرصيد.","قبل: بالكود: الحقول تُنسخ إلى Transaction دون فحص مدى التاريخ أو الرصيد أو التداخل | بعد: السلوك المحدد مثبت بالدليل المذكور","dateOnly.test.js؛ LeaveBalanceTests؛ TransactionValidationTests",""
"APP-BT-016","Bug_Report.xlsx","Bug Report","26","Medium","Token الصادر من login لا يُتحقق منه ولا تنتهي صلاحيته","غياب session/auth pipeline","Fixed & Verified","","جلسات Bearer موثقة وصلاحيات تعتمد actor من الخادم، مع عزل الموظف والفريق وHR وBoard وCORS محدد.","قبل: بالكود: token مجرد Base64 للـID والوقت؛ client لا يرسله أصلًا | بعد: السلوك المحدد مثبت بالدليل المذكور","AuthorizationTests؛ browser_smoke.py","BT-001"
"APP-BT-017","Bug_Report.xlsx","Bug Report","27","Medium","Login دون rate limit أو lockout","غياب حماية brute force","Fixed & Verified","","حد محاولات على مستوى IP والحساب عبر LoginAttempts؛ باقٍ بعد سياسة كلمات المرور التجريبية الجديدة.","قبل: لا عداد محاولات | بعد: المحاولة السادسة في نافذة الدقيقة تعود 429","AuthorizationTests.Login_rate_limit_rejects_repeated_attempts؛ migration 006",""
"APP-BT-018","Bug_Report.xlsx","Bug Report","28","Medium","CORS يسمح بأي Origin وMethod وHeader","سياسة واسعة جدًا","Fixed & Verified","","جلسات Bearer موثقة وصلاحيات تعتمد actor من الخادم، مع عزل الموظف والفريق وHR وBoard وCORS محدد.","قبل: بالكود: AllowAnyOrigin/Method/Header | بعد: السلوك المحدد مثبت بالدليل المذكور","AuthorizationTests؛ browser_smoke.py","BT-001"
"APP-BT-019","Bug_Report.xlsx","Bug Report","29","Medium","الاستثناءات الداخلية ترجع للمستخدم","لا error middleware يفصل التفاصيل","Fixed & Verified","","أخطاء API مصنفة ورسائل SQL الداخلية محجوبة.","قبل: بالكود: catch يعيد ex.Message إلى HTTP response | بعد: السلوك المحدد مثبت بالدليل المذكور","ApiError.cs؛ AuthorizationTests وTransactionValidationTests",""
"APP-BT-020","Bug_Report.xlsx","Bug Report","30","Medium","مدخلات DTO بلا validation كافٍ","الاعتماد على قيود DB والواجهة","Fixed, Not Verified","","أضيفت DataAnnotations وcross-field validation لمدخلات الموظف والطلب والمصادقة والفلاتر؛ حُفظت IDs المأخوذة من route كحقول غير إلزامية في body. تحقق DTO وحدود JSON مثبت؛ استكمال كل حدود الفلاتر ومسارات multipart غير الصالحة ما زال مطلوبًا.","قبل: بالكود: DTOs بلا Required/Range/StringLength؛ enum cast لا يتحقق | بعد: الإغلاق غير مثبت بعد","DtoValidationTests؛ Invalid_json_contracts_return_400_without_writes؛ 112/112 Backend؛ browser smoke",""
"APP-BT-021","Bug_Report.xlsx","Bug Report","31","Medium","حذف الموظف Hard Delete خلاف التوثيق","التنفيذ لا يستخدم حالة الحذف الموثقة","Fixed & Verified","","حذف ناعم، sequences للمعرفات، وعمليات موظف ذرية مع تحديث المدير.","قبل: بالكود: _context.Employees.Remove؛ لا IsDeleted في model | بعد: السلوك المحدد مثبت بالدليل المذكور","EmployeeRepository؛ IdentifierAllocationTests؛ browser_smoke.py",""
"APP-BT-022","Bug_Report.xlsx","Bug Report","32","Medium","توليد ID عبر MAX+1 يسبب تصادمات متزامنة","توليد ID خارج DB دون sequence/identity","Fixed & Verified","","حذف ناعم، sequences للمعرفات، وعمليات موظف ذرية مع تحديث المدير.","قبل: بالكود: كلاهما قد يقرأ نفس max ثم يكتب نفس ID | بعد: السلوك المحدد مثبت بالدليل المذكور","EmployeeRepository؛ IdentifierAllocationTests؛ browser_smoke.py",""
"APP-BT-023","Bug_Report.xlsx","Bug Report","33","Medium","إنشاء موظف وتحديث المدير غير ذريين","لا DB transaction وابتلاع استثناء التحديث","Fixed & Verified","","حذف ناعم، sequences للمعرفات، وعمليات موظف ذرية مع تحديث المدير.","قبل: بالكود: employee يُحفظ أولًا ثم تحديث المدير في try/catch يبتلع الخطأ | بعد: السلوك المحدد مثبت بالدليل المذكور","EmployeeRepository؛ IdentifierAllocationTests؛ browser_smoke.py",""
"APP-BT-024","Bug_Report.xlsx","Bug Report","34","Medium","تغيير/حذف تابع يترك Manager role قديمًا","مسار إزالة التابع غير معالج","Fixed & Verified","","إعادة تقييم previousManagerId والمدير الجديد داخل transaction؛ تخفيض الدور إلى Employee عند غياب التابعين الفعالين، مع منع خفض مدير ما زال له تابعون.","قبل: بالكود: UpdateManagerStatus استُدعي للمدير الجديد فقط فظل الدور القديم | بعد: الدور يُزامن مع التابعين الفعالين","Reassigning_the_last_direct_report_demotes_the_old_manager؛ browser_smoke.py","BT-003"
"APP-BT-025","Bug_Report.xlsx","Bug Report","35","Medium","التطبيق يغير schema عند كل startup ويخفي الفشل","DDL غير مُدار ومخفي","Fixed & Verified","","EF يطابق جداول RMS، ولا يوجد DDL صامت في startup؛ هجرات صريحة فقط.","قبل: بالكود: ExecuteSqlRaw DROP FK/ALTER COLUMN داخل startup وcatch فارغ | بعد: السلوك المحدد مثبت بالدليل المذكور","SchemaCompatibility؛ 001_baseline_validation.sql","BT-009"
"APP-BT-026","Bug_Report.xlsx","Bug Report","36","Medium","فترة التجربة لا تمنع accrual فعليًا","حساب السنة يتجاهل probation وتاريخ الالتحاق","Fixed & Verified","","إصلاح probation والقص حسب السنة وasOf والشهور المؤهلة واحتساب Pending HR.","قبل: بالكود: IsInProbation=true لكن earnedDays=9×annual/12 | بعد: السلوك المحدد مثبت بالدليل المذكور","LeaveBalanceTests؛ Pending_stats_include_requests_awaiting_HR",""
"APP-BT-027","Bug_Report.xlsx","Bug Report","37","Medium","Carryover موثق لكنه دائمًا صفر","الميزة غير منفذة","Blocked","","مؤجل لمراجعة الفريق بقرار المستخدم بتاريخ 2026-10-05؛ سياسة الأنواع والحد والانتهاء وأولوية الخصم غير محددة. لم يُنفذ حساب افتراضي.","قبل: بالكود: CarryoverFromPreviousYear = 0 ثابت | بعد: مؤجل بقرار المستخدم، وليس Fixed","قرار المستخدم: Skip دلوقتي وهرجع فيها للTeam؛ README.md",""
"APP-BT-028","Bug_Report.xlsx","Bug Report","38","Medium","إجازة عابرة للسنة لا تدخل رصيد السنة الجديدة","نطاق query على تاريخ البداية فقط","Fixed & Verified","","إصلاح probation والقص حسب السنة وasOf والشهور المؤهلة واحتساب Pending HR.","قبل: بالكود: query يشترط StartDate.Year == currentYear فيستبعد الطلب | بعد: السلوك المحدد مثبت بالدليل المذكور","LeaveBalanceTests؛ Pending_stats_include_requests_awaiting_HR",""
"APP-BT-029","Bug_Report.xlsx","Bug Report","39","Medium","طلب يبدأ قبل asOf وينتهي بعده يُخصم كاملًا","لا قص للفترة عند asOf","Fixed & Verified","","إصلاح probation والقص حسب السنة وasOf والشهور المؤهلة واحتساب Pending HR.","قبل: بالكود: شرط البداية فقط ثم حساب المدة كلها | بعد: السلوك المحدد مثبت بالدليل المذكور","LeaveBalanceTests؛ Pending_stats_include_requests_awaiting_HR",""
"APP-BT-030","Bug_Report.xlsx","Bug Report","40","Medium","accrual يحسب شهورًا قبل توظيف الموظف","استخدام رقم الشهر الحالي بدل شهور العمل المؤهلة","Fixed & Verified","","إصلاح probation والقص حسب السنة وasOf والشهور المؤهلة واحتساب Pending HR.","قبل: بالكود: earnedDays = 9×monthlyAccrual | بعد: السلوك المحدد مثبت بالدليل المذكور","LeaveBalanceTests؛ Pending_stats_include_requests_awaiting_HR","BT-026"
"APP-BT-031","Bug_Report.xlsx","Bug Report","41","Medium","Dashboard لا يحسب Pending HR ضمن Pending","تصنيف حالة ناقص","Fixed & Verified","","إصلاح probation والقص حسب السنة وasOf والشهور المؤهلة واحتساب Pending HR.","قبل: بالكود: PendingRequests يعد status 1 فقط | بعد: السلوك المحدد مثبت بالدليل المذكور","LeaveBalanceTests؛ Pending_stats_include_requests_awaiting_HR",""
"APP-BT-032","Bug_Report.xlsx","Bug Report","42","Medium","فلترة التاريخ تستبعد الطلبات المتداخلة","استعمال containment بدل overlap","Fixed & Verified","","فلترة الفترة overlap مشتركة في MyRequests وAllRequests وTeamRequests وHRRequests وHistory.","قبل: طلب 28/9–3/10 يختفي من فلتر أكتوبر | بعد: ظهر مع حدود 1/10 و31/10 في خمس صفحات ببيانات معزولة","dateRange.test.js؛ browser_status_filters.py خمس صفحات وكلها اجتازت overlap؛ npm test 8/8",""
"APP-BT-033","Bug_Report.xlsx","Bug Report","43","Medium","Fallback API URL والوثائق غير متوافقين مع launch settings","إعدادات مشتتة والـfallback قديم","Fixed & Verified","","توحيد تعليمات التشغيل على MSSQLLocalDB/RMS وHTTP 5190 وFrontend 5173؛ تحديث README وQUICK_START وHOW_TO_RUN وAPI_DOCUMENTATION إلى Bearer وإزالة تعليمات الهوية القديمة.","قبل: fallback=HTTPS 5001 غير مضبوط؛ .env الحالي يستخدم HTTP 5190 ويعمل من حيث الـport | بعد: السلوك المحدد مثبت باختبار المتصفح الموضح","browser_recovery_filters.py وbrowser_smoke.py على الأوامر الموثقة؛ مراجعة launchSettings/appsettings/api.js؛ production خارج نطاق دليل التطوير",""
"APP-BT-034","Bug_Report.xlsx","Bug Report","44","Medium","reject يرسل reason بدل responseMessage","اختلاف أسماء DTO","Fixed & Verified","","تصحيح عقود approve/reject والحذف الوهمي، وحماية المسارات والتخزين المحلي من انتحال الدور.","قبل: بالكود: body={reason} ويُربط ResponseMessage افتراضيًا فارغًا | بعد: السلوك المحدد مثبت بالدليل المذكور","AuthorizationTests؛ browser_smoke.py",""
"APP-BT-035","Bug_Report.xlsx","Bug Report","45","Medium","approve في requestService يرسل POST بلا body","نسختا service مختلفتان","Fixed & Verified","","تصحيح عقود approve/reject والحذف الوهمي، وحماية المسارات والتخزين المحلي من انتحال الدور.","قبل: بالكود: axios.post(url) دون body بينما action يتطلب [FromBody] | بعد: السلوك المحدد مثبت بالدليل المذكور","AuthorizationTests؛ browser_smoke.py",""
"APP-BT-036","Bug_Report.xlsx","Bug Report","46","Medium","requestService.delete يستدعي endpoint غير موجود","service قديمة عن API","Fixed & Verified","","تصحيح عقود approve/reject والحذف الوهمي، وحماية المسارات والتخزين المحلي من انتحال الدور.","قبل: بالكود: لا [HttpDelete] للـtransactions | بعد: السلوك المحدد مثبت بالدليل المذكور","AuthorizationTests؛ browser_smoke.py",""
"APP-BT-037","Bug_Report.xlsx","Bug Report","47","Medium","Team Requests route متاح لكل logged-in user","الـSidebar يخفي الرابط فقط","Fixed & Verified","","تصحيح عقود approve/reject والحذف الوهمي، وحماية المسارات والتخزين المحلي من انتحال الدور.","قبل: بالكود: ProtectedRoute بلا requiredRole | بعد: السلوك المحدد مثبت بالدليل المذكور","AuthorizationTests؛ browser_smoke.py","BT-001"
"APP-BT-038","Bug_Report.xlsx","Bug Report","48","Medium","Board يستطيع دخول My Requests من الرابط","منع العرض في القائمة فقط","Fixed & Verified","","تصحيح عقود approve/reject والحذف الوهمي، وحماية المسارات والتخزين المحلي من انتحال الدور.","قبل: بالكود: المسار غير مغلف بـ BlockBoardRoute | بعد: السلوك المحدد مثبت بالدليل المذكور","AuthorizationTests؛ browser_smoke.py","BT-001"
"APP-BT-039","Bug_Report.xlsx","Bug Report","49","Medium","صلاحيات الواجهة تثق ببيانات localStorage","هوية مخزنة دون تحقق","Fixed & Verified","","تصحيح عقود approve/reject والحذف الوهمي، وحماية المسارات والتخزين المحلي من انتحال الدور.","قبل: بالكود: isHR/isBoard مبنيان على user المحلي | بعد: السلوك المحدد مثبت بالدليل المذكور","AuthorizationTests؛ browser_smoke.py","BT-001"
"APP-BT-040","Bug_Report.xlsx","Bug Report","50","Medium","JSON محلي تالف قد يكسر بدء التطبيق والطلبات","عدم تحمل بيانات جلسة فاسدة","Fixed & Verified","","تصحيح عقود approve/reject والحذف الوهمي، وحماية المسارات والتخزين المحلي من انتحال الدور.","قبل: بالكود: JSON.parse بلا try/catch | بعد: السلوك المحدد مثبت بالدليل المذكور","AuthorizationTests؛ browser_smoke.py",""
"APP-BT-041","Bug_Report.xlsx","Bug Report","51","Medium","تعديل موظف لا يملأ manager وlevel","عقد response لا يوفر level ID والتسمية مختلفة","Fixed & Verified","","تعبئة manager/level عند التعديل ومطابقة مستوى B/الأقسام مع lookup والجدول.","قبل: بالكود: form يقرأ managerID وemployeeLevelID؛ response فيه managerId وEmployeeLevel نص فقط | بعد: السلوك المحدد مثبت بالدليل المذكور","EmployeeFormModal.jsx؛ browser_employee_create_edit_transfer_archive",""
"APP-BT-042","Bug_Report.xlsx","Bug Report","52","Medium","فلاتر الموظفين تستخدم حقولًا وأقسامًا غير صحيحة","hardcoded filters وعقد DTO قديم","Fixed & Verified","","فلاتر الموظفين تطابق departmentID وemployeeLevelId وisActive؛ اختبار كل قسم ومستوى والبحث بالاسم والكود وحالات active/inactive/all، مع fixture غير محفوظة في DB لإثبات ظهور صف inactive.","قبل: بالكود: role/levelID/levelName غير موجودة في DTO؛ IDs الأقسام 1-4 لا 7-11 | بعد: السلوك المحدد مثبت باختبار المتصفح الموضح","browser_recovery_filters.py: employee_filters_real_departments_levels_name_code_status وemployee_filters_inactive_fixture","BT-009"
"APP-BT-043","Bug_Report.xlsx","Bug Report","53","Medium","قيمة Level B وأسماء الأقسام متعارضة","lookup hardcoded ومصادر غير متسقة","Fixed & Verified","","تعبئة manager/level عند التعديل ومطابقة مستوى B/الأقسام مع lookup والجدول.","قبل: بالكود: الواجهة تقول B=20 وMarketing/Finance؛ seed يقول B=24 وProduction/IT | بعد: السلوك المحدد مثبت بالدليل المذكور","EmployeeFormModal.jsx؛ browser_employee_create_edit_transfer_archive","BT-009"
"APP-BT-044","Bug_Report.xlsx","Bug Report","54","Medium","المدير مطلوب ويمكن اختيار الموظف نفسه","قواعد hierarchy ناقصة","Fixed & Verified","","المدير اختياري في الواجهة، مع فلترة الموظف الحالي ومنع self/cycle في API وSQL.","قبل: form يلزم managerID وقواعد hierarchy ناقصة | بعد: managerID اختياري والتحقق الخادمي يمنع العلاقات غير الصالحة","EmployeeFormModal.jsx؛ Reassigning_the_last_direct_report_demotes_the_old_manager؛ browser_smoke.py؛ 008_manager_hierarchy.sql",""
"APP-BT-045","Bug_Report.xlsx","Bug Report","55","Medium","قائمة التنقل مختفية على الموبايل بلا زر فتح","state collapsed لا يطابق CSS mobile","Fixed & Verified","","زر قائمة للموبايل وClear All يعيد فلتر الحالة أيضًا.","قبل: بالكود: .sidebar خارج الشاشة وتعود فقط مع .open؛ component لا يضيف .open | بعد: السلوك المحدد مثبت بالدليل المذكور","browser_smoke.py؛ Dashboard.jsx",""
"APP-BT-046","Bug_Report.xlsx","Bug Report","56","Medium","Dashboard Clear All يبقي فلتر Approved","default filter مستخدم عند reset","Fixed & Verified","","زر قائمة للموبايل وClear All يعيد فلتر الحالة أيضًا.","قبل: بالكود: statusID يعاد إلى 3؛ التوزيع الافتراضي Approved فقط | بعد: السلوك المحدد مثبت بالدليل المذكور","browser_smoke.py؛ Dashboard.jsx",""
"APP-BT-047","Bug_Report.xlsx","Bug Report","57","Medium","فشل أرصدة الموظفين يتحول إلى أصفار صامتة","failure swallowed","Fixed & Verified","","فشل رصيد الموظف يظهر خطأ ولا يفتح نافذة بأرصدة صفرية؛ إعادة فتح التفاصيل بعد استعادة الاتصال تحمّل الرصيد الحقيقي.","قبل: بالكود: catch يتجاهل الفشل ثم detail modal يستخدم قيمًا افتراضية | بعد: السلوك المحدد مثبت باختبار المتصفح الموضح","browser_recovery_filters.py: employee_balance_http500_and_recovery وemployee_balance_connectionfailed_and_recovery",""
"APP-BT-048","Bug_Report.xlsx","Bug Report","58","Medium","فشل تحميل صفحة Leave Balance لا يترك Retry","غياب error state للصفحة","Fixed & Verified","","فشل تحميل Leave Balance يظهر Error وRetry؛ زر Retry يستعيد My Leave Balance عند عودة الخدمة.","قبل: بالكود: showAlert فقط وتستمر الصفحة دون balance | بعد: السلوك المحدد مثبت باختبار المتصفح الموضح","browser_recovery_filters.py: leave_balance_http500_retry وleave_balance_connectionfailed_retry",""
"APP-BT-049","Bug_Report.xlsx","Bug Report","59","Medium","N+1 وجلب غير محدود للأرصدة والطلبات","لا batch aggregation ولا pagination","Fixed, Not Verified","","تجميع حسابات الرصيد في استعلامي employee/transactions، وpagination بحد أقصى 200 صف لطلبات all/team/my/filter مع تجميع الصفحات في الواجهة.","قبل: balance نفّذ 2N+1 استعلامًا وقوائم الطلبات ToList كاملة | بعد: اختبار 5 موظفين = ≤3 أوامر SQL، واختبار API pageSize=1 يعيد items/totalCount/hasNext؛ قياس logical reads على حجم ممثل ما زال مطلوبًا","All_leave_balances_use_a_bounded_number_of_database_queries؛ Organization_request_lists_are_pageable_and_bounded؛ paged.test.js؛ browser_smoke.py",""
"APP-BT-050","Bug_Report.xlsx","Bug Report","60","Medium","حزم إنتاجية عليها advisories مؤكدة","إصدارات مثبتة متأثرة؛ قابلية التطبيق لكل advisory تحتاج تقييم","Fixed & Verified","","تحديث الحزم المعرضة وإزالة xlsx القديم؛ npm audit بلا advisories.","قبل: npm audit: 6 packages (5 high,1 moderate)، وdotnet: NU1903 Microsoft.OpenApi 2.4.1 | بعد: السلوك المحدد مثبت بالدليل المذكور","npm audit --audit-level=low: 0",""
"APP-BT-051","Bug_Report.xlsx","Bug Report","61","Medium","لا توجد اختبارات project-owned للـFront/Back","لا test suites مضمنة","Fixed & Verified","","أضيفت اختبارات Backend وFrontend وbrowser حقيقية؛ اكتمال تغطية المسارات التجارية يُتتبع منفصلًا في مصفوفة التحقق.","قبل: dotnet test خرج 0 بلا اختبارات؛ package.json بلا test script؛ rg لا يجد test files | بعد: test suites تعمل وتُعاد بنجاح","112 Backend؛ 5 Node؛ browser_smoke.py؛ browser_recovery_filters.py",""
"APP-BT-052","Bug_Report.xlsx","Bug Report","62","Medium","ESLint يفشل بـ21 مشكلة","متغيرات غير مستخدمة وhooks dependencies/react-refresh","Fixed & Verified","","إزالة أخطاء وتحذيرات ESLint الناتجة عن imports وتأثيرات React.","قبل: exit 1: 10 errors و11 warnings | بعد: السلوك المحدد مثبت بالدليل المذكور","npm run lint: 0 errors, 0 warnings",""
"APP-BT-053","Bug_Report.xlsx","Bug Report","63","Medium","لا تحقق نوع/حجم ملف طبي قبل القبول","القيود نصوص UI فقط","Fixed & Verified","","فحص نوع/حجم المرفقات وإعداد API/timeout واضحين.","قبل: بالكود: addFiles يقبل كل File؛ accept لا ينطبق على drag/drop | بعد: السلوك المحدد مثبت بالدليل المذكور","MedicalFileValidator؛ TransactionValidationTests؛ build","BT-011"
"APP-BT-054","Bug_Report.xlsx","Bug Report","64","Medium","غياب timeout وتهيئة production API واضحة","تهيئة transport ناقصة","Fixed & Verified","","فحص نوع/حجم المرفقات وإعداد API/timeout واضحين.","قبل: بالكود: axios.create بلا timeout؛ fallback localhost جهاز المستخدم | بعد: السلوك المحدد مثبت بالدليل المذكور","MedicalFileValidator؛ TransactionValidationTests؛ build",""
"APP-BT-055","Bug_Report.xlsx","Bug Report","68","Low","التعامل مع الحالات يعتمد على نص statusName","ربط business logic بعرض النص","Fixed & Verified","","فلاتر وخيارات وأسماء ووسوم الحالة في MyRequests وAllRequests وTeamRequests وHRRequests وHistory تعتمد statusID؛ مجموعات History بالمعرفات.","قبل: MyRequests عرض Unknown/أسماء عربية وكسرت فلاتر الحالة | بعد: بيانات mock متغيرة أعطت نتائج صحيحة في 5 صفحات","status.test.js 3/3؛ browser_status_filters.py خمس صفحات UI mock red→green؛ npm test 8/8 وlint/build؛ التكامل الحقيقي بالـAPI مغطى منفصلًا",""
"APP-BT-056","Bug_Report.xlsx","Bug Report","69","Low","History search لا يبحث بكود الموظف","label أوسع من التنفيذ","Fixed & Verified","","بحث History بكود الموظف وتصدير CSV بحالات موحدة وحماية من formula injection.","قبل: بالكود: filter يقرأ employeeName فقط | بعد: السلوك المحدد مثبت بالدليل المذكور","exportCsv.test.js",""
"APP-BT-057","Bug_Report.xlsx","Bug Report","70","Low","History export يعرض حالة خام مختلفة عن الجدول","مسار عرض ومسار تصدير مختلفان","Fixed & Verified","","بحث History بكود الموظف وتصدير CSV بحالات موحدة وحماية من formula injection.","قبل: بالكود: export يستخدم req.statusName مباشرة | بعد: السلوك المحدد مثبت بالدليل المذكور","exportCsv.test.js",""
"APP-BT-058","Bug_Report.xlsx","Bug Report","71","Low","تسمية 45-Day Cap غير مستندة إلى Backend","حساب توضيحي غير موثوق","Fixed & Verified","","إزالة تسمية سقف 45 يومًا غير المثبتة وإخفاء Team tab عن غير المدير.","قبل: بالكود: الواجهة تستنتج cap والـservice يقول لا hardcoded caps | بعد: السلوك المحدد مثبت بالدليل المذكور","LeaveBalance.jsx؛ browser role navigation",""
"APP-BT-059","Bug_Report.xlsx","Bug Report","72","Low","Team tab يظهر لموظف غير مدير","شرط الظهور أوسع من الصلاحية","Fixed & Verified","","إزالة تسمية سقف 45 يومًا غير المثبتة وإخفاء Team tab عن غير المدير.","قبل: بالكود: showTeamTab = !isBoard، فيراه Employee | بعد: السلوك المحدد مثبت بالدليل المذكور","LeaveBalance.jsx؛ browser role navigation",""
"APP-BT-060","Bug_Report.xlsx","Bug Report","73","Low","Custom controls وmodals ناقصة keyboard/ARIA","عدم تطبيق semantics للـcontrols","Fixed, Not Verified","","CustomSelect وDatePicker قابلان للكيبورد مع ARIA أولي؛ إدارة focus للـmodals لم تُستكمل.","قبل: بالكود: triggers/options من div وmodals بلا dialog/focus trap | بعد: الإغلاق غير مثبت بعد","browser_smoke.py keyboard_select",""
"APP-BT-061","Bug_Report.xlsx","Bug Report","74","Low","Quick Insights يعتمد على hover ويختفي على اللمس","تفاعل أحادي modality","Fixed, Not Verified","","أزيلت قاعدة display:none للأجهزة اللمسية بعد إثبات أن aria-expanded=true والنافذة مخفية. اللمس وEnter/Escape وربط ARIA اجتازوا؛ اختبار قارئ شاشة فعلي ما زال غير منفذ.","قبل: browser touch: النافذة hidden رغم فتح الزر | بعد: touch/keyboard/ARIA اجتازوا نفس الاختبار","browser_quick_insights.py: quick_insights_touch_keyboard_aria=pass؛ manual screen reader pending",""
"APP-BT-062","Bug_Report.xlsx","Bug Report","75","Low","Console logs تطبع بيانات الموظفين والطلبات","debug logging متروك","Fixed & Verified","","إزالة console.log الذي كان يطبع قوائم الموظفين والطلبات.","قبل: بالكود: console.log يطبع payload كاملًا | بعد: السلوك المحدد مثبت بالدليل المذكور","rg console.log FrontEnd/src: لا نتائج",""
"APP-BT-063","Bug_Report.xlsx","Bug Report","76","Low","حزم ومكونات غير مستخدمة تكبر الصيانة","تراكم تنفيذات قديمة","Fixed, Not Verified","","إزالة حزم Grid/Charts غير المستخدمة وتقسيم تحميل الصفحات؛ مراجعة المكونات المهجورة لم تكتمل.","قبل: بالكود: ag-grid/ag-charts وملفات خدمة/واجهة لا imports لها؛ حجم JS المبني >1MB لسبب يحتاج تحليلًا منفصلًا | بعد: الإغلاق غير مثبت بعد","npm uninstall؛ build: main 308.61KB",""
"APP-BT-064","Bug_Report.xlsx","Bug Report","77","Low","Contact Administrator رابط وهمي","placeholder UI","Fixed & Verified","","إزالة رابط الإدارة الوهمي، مزامنة شهر منتقي التاريخ، وإظهار خطأ إلغاء الطلب.","قبل: بالكود: href=""#"" | بعد: السلوك المحدد مثبت بالدليل المذكور","Login.jsx؛ CustomDatePicker.jsx؛ MyRequests.jsx",""
"APP-BT-065","Bug_Report.xlsx","Bug Report","78","Low","الـDate Picker لا يزامن شهر العرض مع value الجديدة","state مشتقة قديمة","Fixed & Verified","","إزالة رابط الإدارة الوهمي، مزامنة شهر منتقي التاريخ، وإظهار خطأ إلغاء الطلب.","قبل: بالكود: viewDate يبدأ من value مرة واحدة ولا effect للمزامنة | بعد: السلوك المحدد مثبت بالدليل المذكور","Login.jsx؛ CustomDatePicker.jsx؛ MyRequests.jsx","BT-013"
"APP-BT-066","Bug_Report.xlsx","Bug Report","79","Low","نتيجة فشل Cancel لا تظهر رسالة Backend","فقدان response.data.message","Fixed & Verified","","إزالة رابط الإدارة الوهمي، مزامنة شهر منتقي التاريخ، وإظهار خطأ إلغاء الطلب.","قبل: بالكود: العرض يستخدم error.message فقط | بعد: السلوك المحدد مثبت بالدليل المذكور","Login.jsx؛ CustomDatePicker.jsx؛ MyRequests.jsx",""
"DB-BT-001","Bug_Report_Database.xlsx","Bug Report","8","Critical","أسماء جدولي المستوى والحالة لا تطابق EF","EF يطلب EmployeeLevel وStatus مفردين بينما RMS تحتوي EmployeeLevels وStatuses","Fixed & Verified","","مواءمة EF مع schema الحي وإزالة ALTER عند التشغيل؛ ResponseMessage nullable.","قبل: HTTP 400/500: Invalid object name EmployeeLevel أو Status | بعد: السلوك المحدد مثبت بالدليل المذكور","SchemaCompatibility؛ baseline validation","BT-002"
"DB-BT-002","Bug_Report_Database.xlsx","Bug Report","9","Critical","أعمدة EF غير موجودة في قاعدة RMS","نموذج EF وسكربت DB يمثلان عقدين مختلفين","Fixed & Verified","","مواءمة EF مع schema الحي وإزالة ALTER عند التشغيل؛ ResponseMessage nullable.","قبل: EmployeeLevels تملك LevelName/AnnualLeaveEntitlement بدل LevelDescription/RegularLeaveperYear/CasualLeavePerYear/OrderId؛ Statuses تملك StatusType بدل Entity/OrderNumber؛ TransactionTypes تملك TransactionTypeName ولا Description | بعد: السلوك المحدد مثبت بالدليل المذكور","SchemaCompatibility؛ baseline validation","BT-001"
"DB-BT-003","Bug_Report_Database.xlsx","Bug Report","10","Critical","كلمات المرور نص صريح وجميع الحسابات التجريبية تشترك في قيمة واحدة","تصميم كلمة المرور والـseed بلا hashing أو إجبار تعيين سر مختلف","Open","","قيد عدم الفراغ باقٍ، لكن المستخدم طلب إعادة جميع كلمات المرور في RMS التجريبية إلى نص واحد؛ الخطر الأصلي عاد.","قبل الإصلاح: 5 موظفين ونص واحد | كان: hashes فردية | الآن: 5/5 قيمة نصية واحدة","009_test_plaintext_password_reset.sql؛ SQL count؛ browser_shared_password.py؛ قرار المستخدم","APP-BT-007"
"DB-BT-004","Bug_Report_Database.xlsx","Bug Report","11","Critical","قاعدة البيانات تقبل تاريخ نهاية قبل البداية","لا CHECK (EndDate >= StartDate) ولا تحقق كافٍ بالخدمة","Fixed & Verified","","CHECKs وtriggers للتواريخ والدور والمدير والنطاق وSign/Unit وتاريخ التوظيف المستقبلي وفق السياسة الحالية.","قبل: INSERT نجح ثم ROLLBACK؛ عدد Transactions عاد 3 | بعد: السلوك المحدد مثبت بالدليل المذكور","DatabaseConstraintTests؛ migrations 003/008",""
"DB-BT-005","Bug_Report_Database.xlsx","Bug Report","12","Critical","الحالة والقسم يشتركان في جدول واحد دون قيد النوع","FKs على Statuses بلا قيد StatusType أو فصل lookup domains","Fixed & Verified","","CHECKs وtriggers للتواريخ والدور والمدير والنطاق وSign/Unit وتاريخ التوظيف المستقبلي وفق السياسة الحالية.","قبل: العمليتان نجحتا ثم ROLLBACK؛ FKs تتحقق من ID فقط | بعد: السلوك المحدد مثبت بالدليل المذكور","DatabaseConstraintTests؛ migrations 003/008",""
"DB-BT-006","Bug_Report_Database.xlsx","Bug Report","13","Critical","وحدة ونوع إشارة الإجازة تقبل قيمًا غير صالحة","لا CHECK للـUnit أو Sign","Fixed & Verified","","CHECKs وtriggers للتواريخ والدور والمدير والنطاق وSign/Unit وتاريخ التوظيف المستقبلي وفق السياسة الحالية.","قبل: UPDATE نجح ثم ROLLBACK وعادت Unit=1, Sign=-1 | بعد: السلوك المحدد مثبت بالدليل المذكور","DatabaseConstraintTests؛ migrations 003/008",""
"DB-BT-007","Bug_Report_Database.xlsx","Bug Report","14","Critical","HTTP يعرض أسماء كائنات SQL ورسائل الاستثناء","إرجاع ex.Message للعميل","Fixed & Verified","","منع إخراج استثناءات SQL التفصيلية عبر HTTP.","قبل: HTTP 400/500 يعرض Invalid object name EmployeeLevel أو Status حرفيًا | بعد: السلوك المحدد مثبت بالدليل المذكور","ApiError.cs؛ TransactionValidationTests","BT-001"
"DB-BT-008","Bug_Report_Database.xlsx","Bug Report","18","Medium","طلبان متداخلان/مكرران لنفس الموظف مقبولان","لا قيد أو فحص تداخل داخل معاملة ذرية","Fixed & Verified","","trigger تداخل SQL وتسلسلات معرفات؛ قفل transaction على SQL يمنع سباق الإنشاء والقرار.","قبل: صفان متماثلان لنفس employee/type/dates أثناء transaction؛ ROLLBACK أعاد العدد 3 | بعد: السلوك المحدد مثبت بالدليل المذكور","50 concurrent؛ overlap race؛ migrations 004",""
"DB-BT-009","Bug_Report_Database.xlsx","Bug Report","19","Medium","المدير يمكن جعله مدير نفسه ودوره خارج enum","FK ذاتي لا يمنع ID=ID؛ لا CHECK للدور","Fixed & Verified","","CHECKs وtriggers للتواريخ والدور والمدير والنطاق وSign/Unit وتاريخ التوظيف المستقبلي وفق السياسة الحالية.","قبل: UPDATE نجح ثم ROLLBACK؛ رجع ManagerId=1 وRole=0 | بعد: السلوك المحدد مثبت بالدليل المذكور","DatabaseConstraintTests؛ migrations 003/008",""
"DB-BT-010","Bug_Report_Database.xlsx","Bug Report","20","Medium","قاعدة البيانات تسمح بكلمة مرور فارغة","NOT NULL لا يمنع السلسلة الفارغة؛ DTO/الخادم بلا تحقق كافٍ","Fixed & Verified","","قيد CK_RMS_Employees_PasswordNotEmpty ما زال يمنع الفراغ رغم اختيار النص الصريح؛ DTO يتحقق من طول المدخل.","قبل: UPDATE إلى فراغ نجح ثم ROLLBACK | بعد: قاعدة البيانات ترفض الفراغ مباشرة","DatabaseConstraintTests؛ migration 003؛ تحقق schema الحي",""
"DB-BT-011","Bug_Report_Database.xlsx","Bug Report","21","Medium","حذف فعلي رغم وجود IsDeleted","النموذج ومسار الحذف لا يستخدمان العمود الموجود","Fixed & Verified","","حذف ناعم يبقي السجل وتمنع الجلسة للحساب المؤرشف.","قبل: الصف اختفى فعليًا أثناء transaction ثم عاد بعد ROLLBACK؛ repository يستخدم Remove ولا يمثل IsDeleted | بعد: السلوك المحدد مثبت بالدليل المذكور","EmployeeRepository؛ AuthorizationTests؛ browser_smoke.py",""
"DB-BT-012","Bug_Report_Database.xlsx","Bug Report","22","Medium","توليد المعرفات بطريقة MAX+1 غير آمن للتزامن","المعرّف يولد بالتطبيق خارج sequence/identity","Fixed & Verified","","trigger تداخل SQL وتسلسلات معرفات؛ قفل transaction على SQL يمنع سباق الإنشاء والقرار.","قبل: الكود يحسب MAX+1؛ PK سيمنع أحد الإدخالين عند السباق | بعد: السلوك المحدد مثبت بالدليل المذكور","50 concurrent؛ overlap race؛ migrations 004",""
"DB-BT-013","Bug_Report_Database.xlsx","Bug Report","23","Medium","تعديل schema في بدء الخادم مع catch صامت","إصلاح آني غير مُدار بإصدار ولا يسجل الفشل","Fixed & Verified","","مواءمة EF مع schema الحي وإزالة ALTER عند التشغيل؛ ResponseMessage nullable.","قبل: startup نفذ ALTER TABLE SubstituteEmployeeId INT NULL؛ العمود كان nullable؛ اسم FK في الكود لا يطابق اسم FK الفعلي؛ لا جدول migration history؛ catch فارغ | بعد: السلوك المحدد مثبت بالدليل المذكور","SchemaCompatibility؛ baseline validation",""
"DB-BT-014","Bug_Report_Database.xlsx","Bug Report","24","Medium","لا توجد فهارس على مفاتيح معاملات الربط والفلترة","الـFK لا ينشئ index تلقائيًا في SQL Server","Fixed, Not Verified","","فهرسان للطلبات وفهرس المستندات أُضيفوا؛ قياس logical reads على حجم ممثل لم يكتمل.","قبل: Transactions بها PK فقط؛ لا index ثانوي على EmployeeId/StatusID/TransactionTypesID | بعد: الإغلاق غير مثبت بعد","migration 004/005؛ لا benchmark ممثل",""
"DB-BT-015","Bug_Report_Database.xlsx","Bug Report","25","Medium","لا يوجد توثيق بنيوي لهوية صاحب قرار الموافقة","نموذج المعاملة يختزل آخر حالة بلا audit history","Fixed & Verified","","جدول RequestDecisionAudit يحفظ actor والحالة قبل/بعد والتوقيت والرسالة داخل transaction.","قبل: الجدول يحفظ ResponseDate/ResponseMessage فقط ولا يحفظ ApproverId أو انتقالات الحالات | بعد: السلوك المحدد مثبت بالدليل المذكور","Hr_approval_records_actor؛ competing decisions race؛ migration 007",""
"DB-BT-016","Bug_Report_Database.xlsx","Bug Report","26","Medium","قيم أنواع الإجازة بالواجهة لا تطابق lookup الحية","IDs hardcoded بدل lookup API","Fixed & Verified","","lookup IDs وSign/Bonus ومستوى B مطابقون للواجهة والحساب.","قبل: DB: 1=Sick Leave و3=Half Day؛ الواجهة تثبت Sick=3 وCasual=1 | بعد: السلوك المحدد مثبت بالدليل المذكور","browser_smoke.py؛ LeaveBalanceTests","BT-001"
"DB-BT-017","Bug_Report_Database.xlsx","Bug Report","27","Medium","حساب الرصيد يفقد إشارة Bonus","حساب الأيام يزيل علامة النوع","Fixed & Verified","","lookup IDs وSign/Bonus ومستوى B مطابقون للواجهة والحساب.","قبل: الكود يستخدم Math.Abs(days) ثم يطرح؛ DB تميز Bonus بـSign=+1 | بعد: السلوك المحدد مثبت بالدليل المذكور","browser_smoke.py؛ LeaveBalanceTests","BT-001"
"DB-BT-018","Bug_Report_Database.xlsx","Bug Report","28","Medium","استحقاق Level B والتقسيمات لا تطابق قيم الواجهة الثابتة","قيم reference data منسوخة ومثبتة","Fixed & Verified","","lookup IDs وSign/Bonus ومستوى B مطابقون للواجهة والحساب.","قبل: DB: B=24 يوم؛ الواجهة تعرض 20. DB departments Quality/Production/IT/HR/Board؛ خيارات الواجهة مختلفة | بعد: السلوك المحدد مثبت بالدليل المذكور","browser_smoke.py؛ LeaveBalanceTests",""
"DB-BT-019","Bug_Report_Database.xlsx","Bug Report","29","Medium","ResponseMessage فارغ في DB رغم Required بالنموذج","nullability بين schema/EF والسلوك غير متطابقة","Fixed & Verified","","مواءمة EF مع schema الحي وإزالة ALTER عند التشغيل؛ ResponseMessage nullable.","قبل: 2 من أصل 3 معاملات بها NULL؛ property معلّمة Required | بعد: السلوك المحدد مثبت بالدليل المذكور","SchemaCompatibility؛ baseline validation",""
"DB-BT-020","Bug_Report_Database.xlsx","Bug Report","30","Medium","DateOfEmployment يقبل تاريخًا مستقبليًا","لا validation/قيد مرتبط بسياسة تاريخ الالتحاق","Fixed & Verified","","CHECKs وtriggers للتواريخ والدور والمدير والنطاق وSign/Unit وتاريخ التوظيف المستقبلي وفق السياسة الحالية.","قبل: UPDATE نجح ثم ROLLBACK واستعيد 2021-06-15 | بعد: السلوك المحدد مثبت بالدليل المذكور","DatabaseConstraintTests؛ migrations 003/008",""
"DB-BT-021","Bug_Report_Database.xlsx","Bug Report","34","Low","سكريبت التأسيس غير مضمون عند إعادة تشغيل جزئية","شرط idempotency على أول عنصر لا كل صف","Fixed & Verified","","إدراج lookup المفقود لكل ID دون استبدال القيم الموجودة؛ اختبار حذف status=6 ونوع=3 داخل transaction، تشغيل setup مرتين ثم ROLLBACK مع مقارنة كل صف أصلي.","قبل: بعض blocks تفحص Id=1 فقط ثم تدرج مجموعة IDs؛ لو Id=1 موجود والآخر مفقود لا يضاف | بعد: استعيدت lookup المفقودة وحُفظت القيم الموجودة وثبت التطابق الكامل بعد rollback","RMS_Test_Evidence/lookup_recovery.sql: PASS؛ نسخة RMS_20261005_pre_lookup_recovery_183158.bak متحققة؛ fresh install خارج نطاق هذا الدليل",""
"NEW-001","فحص الإصلاح الحالي","NEW","","Medium","تعارض EF OUTPUT مع triggers","سلوك EF الافتراضي حاول استخدام OUTPUT على جداول لها triggers.","Fixed & Verified","","تعطيل SQL OUTPUT في خرائط الجداول المتأثرة.","قبل: فشل مثبت باختبار أحمر | بعد: اجتاز الاختبار نفسه","SchemaCompatibility + TransactionValidationTests",""
"NEW-002","فحص الإصلاح الحالي","NEW","","Critical","ضياع المرفق المرضي من 3 شاشات","الشاشات استخدمت خدمة JSON بدل خدمة multipart.","Fixed & Verified","","توجيه create/update إلى requestService.","قبل: فشل مثبت باختبار أحمر | بعد: اجتاز الاختبار نفسه","browser_sick_upload and document_list_download",""
"NEW-003","فحص الإصلاح الحالي","NEW","","Critical","طلبات مستقلة متزامنة ترجع HTTP 500","trigger التداخل قفل صفوفًا بعد INSERTs متوازية لنفس الموظف.","Fixed & Verified","","قفل SQL داخل transaction على الموظف قبل التحقق والإنشاء.","قبل: فشل مثبت باختبار أحمر | بعد: اجتاز الاختبار نفسه","Fifty_independent_concurrent_requests_receive_unique_ids: 50/50",""
"NEW-004","فحص الإصلاح الحالي","NEW","","Critical","قرارا موافقة ورفض نهائيان ينجحان معًا","قُرئت الحالة قبل قفل المعاملة وتسلسل القرار.","Fixed & Verified","","قفل الطلب قبل القراءة والقرار مع حفظ سجل التدقيق ذريًا.","قبل: فشل مثبت باختبار أحمر | بعد: اجتاز الاختبار نفسه","Competing_final_decisions_record_exactly_one_winner",""
"NEW-005","فحص الإصلاح الحالي","NEW","","Medium","دورات إدارية متعددة المستويات مقبولة","CHECK السابق منع المدير لنفسه فقط.","Fixed & Verified","","هجرة 008 تضيف trigger تكراريًا وتحقيقًا في API.","قبل: فشل مثبت باختبار أحمر | بعد: اجتاز الاختبار نفسه","DatabaseConstraintTests + Manager_cycle_is_a_validation_error",""
"NEW-006","فحص الإصلاح الحالي","NEW","","Low","مستوى الموظف يظهر N/A","الجدول قرأ levelName بينما DTO يعرض employeeLevel.","Fixed & Verified","","استخدام اسم حقل DTO الصحيح.","قبل: فشل مثبت باختبار أحمر | بعد: اجتاز الاختبار نفسه","browser_employee_create_edit_transfer_archive",""
"NEW-007","فحص الإصلاح الحالي","NEW","","Critical","كلمة Pass@1234 تتجاوز كلمة مرور أي حساب","AuthController.Login كان يقبل النص الثابت دون مقارنة بالحقل المخزن","Fixed & Verified","","أزيل شرط التجاوز بالكامل؛ تسجيل الدخول يقارن دائمًا بكلمة مرور الحساب المخزنة حتى بعد اختيار النص الصريح.","قبل: Pass@1234 تفتح أي Code نشط | بعد: طلبها أعاد 401، والقيمة المخزنة الصحيحة أعادت 200","AuthorizationTests.Login_accepts_the_stored_test_password_and_rejects_the_old_bypass؛ browser_shared_password.py",""
"NEW-008","فحص الإصلاح الحالي","NEW","","Medium","قائمة حالة History مخفية خلف بطاقة النتائج","بطاقة الفلتر وبطاقة النتائج لهما position relative وترتيب الرسم يضع الثانية فوق القائمة","Fixed & Verified","","إضافة history-filters-card مع z-index:1 لبطاقة الفلاتر.","قبل: Playwright لم يستطع نقر Pending بسبب اعتراض card-header | بعد: الأربع مجموعات Pending/Approved/Rejected/Cancelled قابلة للنقر وتعطي الأعداد الصحيحة","browser_status_filters.py red ثم green؛ npm test 8/8؛ lint/build",""
