"Area","Route / Operation","Role","Data / Preconditions","Expected","Observed","Status","Evidence"
"API","Anonymous sensitive endpoints","Anonymous","No token","401","401","Verified","AuthorizationTests"
"Browser UI","Status and date filters in /my-requests /all-requests /team-requests /hr-requests /history","Employee/HR/Manager/Board mocked session","Six isolated API rows status IDs 1–6 with Arabic/null labels and boundary dates","Stable options/badges; each status and October overlap correct","All five pages passed with API mock; History dropdown overlap fixed; live login separately verified","Verified UI only","RMS_Test_Evidence/browser_status_filters.py; FrontEnd/src/utils/status.test.js; FrontEnd/src/utils/dateRange.test.js; NEW-008"
"Database data","009 plaintext reset on RMS test","Operator","Verified COPY_ONLY/CHECKSUM backup and five hashed accounts","Five shared plaintext credentials; active sessions revoked; original rows retained","5/5 matched; 242 sessions revoked; Employees=5 Transactions=4 after smoke","Verified test-only; security findings open","RMS-BACKEND/Database/009_test_plaintext_password_reset.sql; RMS_Database_Schema_Review.md; PasswordStorageTests"
"Database data","Shared plaintext password refresh on RMS test","Operator","Verified COPY_ONLY/CHECKSUM backup; five accounts shared the prior value","Five accounts use the newly requested shared plaintext value; sessions revoked; history retained","5/5 changed; one distinct 10-character value; 91 sessions revoked; Employees=5 Transactions=4 MedicalDocuments=0 RequestDecisionAudit=2","Data verified; login/system not retested by request; security findings open","RMS_Test_Evidence/acceptance_2026-10-05.md; RMS_Repair_Report.md"
"API","Employee data and request scoping","Employee","Real RMS users 1–5","Other employee data denied","401/403 and scoped lists","Verified","AuthorizationTests"
"Browser","Login and role navigation","Employee/HR/Manager/Board","Requested shared test credential; temporary sessions","Five roles authenticate and logout; role-appropriate routes","Five logins and /auth/me/logout passed; workflow smoke passed","Verified","browser_shared_password.py; browser_smoke.py"
"Browser","Annual request create","Employee","Exact test marker","Pending row saved","HTTP 200, Pending","Verified","browser_smoke.py + SQL counts"
"Browser","Sick request + document list/download","Employee","Synthetic PDF","Stored/downloadable","HTTP 200 and PDF bytes","Verified","browser_smoke.py + SQL counts"
"Browser","Employee create/edit/transfer/archive","HR","Synthetic code/password","Persisted changes, soft archive","Passed; IsActive=false","Verified","browser_smoke.py + SQL counts"
"Browser","Manager then HR approval","Manager/HR","Synthetic direct-report sick request","Pending → Pending HR → Approved","Status 1 → 2 → 3","Verified","browser_smoke.py"
"Browser","Mobile navigation and keyboard select","Employee","390px viewport / Enter/Escape","Routes and menu usable","Passed","Verified","browser_smoke.py"
"Page","/login","Anonymous / each role","Current RMS test password","Successful login; obsolete bypass denied","Five accounts login, /auth/me and logout; obsolete bypass returns 401","Verified","browser_shared_password.py; AuthorizationTests.Login_accepts_the_stored_test_password_and_rejects_the_old_bypass"
"Page","/dashboard","Employee/Manager/HR/Board","Existing requests","Cards/charts/filter and scoped data","Navigation and API scoping verified; every chart/filter not","Partial","browser_smoke.py; Dashboard tests"
"Page","/my-requests","Employee/Manager/HR","Annual and sick requests","Create/edit/cancel/view","Create and sick upload verified; edit/cancel UI not yet","Partial","browser_smoke.py"
"Page","/team-requests","Manager","Direct-report pending request","Approve/reject only direct reports","Manager approve verified; reject UI not yet","Partial","browser_smoke.py; AuthorizationTests"
"Page","/all-requests","HR","Pending and Pending HR","Approve/reject/filters/details","Two approval paths verified; reject/filters not yet","Partial","browser_smoke.py"
"Page","/employees","HR","Synthetic employee","Create/edit/transfer/archive and filters","CRUD and department/level/name/code/active/inactive filters verified; keyboard detail activation remains to be checked","Partial","browser_smoke.py; browser_recovery_filters.py; AuthorizationTests"
"Page","/leave-balance","Employee/HR/Manager","Current balance and synthetic requests","Balance and retry on failure","API balance tests; HTTP500/connectionfailed error + Retry recovery browser-tested for Employee; every organization action not yet","Partial","browser_smoke.py; browser_recovery_filters.py; AuthorizationTests"
"Page","/hr-requests","Board","Pending HR-owned request","Decision and scoped list","Board approval and scoped HR request list verified; rejection/filter paths not yet","Partial","browser_smoke.py; browser_recovery_filters.py; AuthorizationTests"
"Page","/history","Board","Approved/rejected rows","Search/filter/export and details","Browser CSV export and page verified; search/filter/detail paths not yet","Partial","browser_smoke.py; browser_recovery_filters.py; AuthorizationTests"
"Page","/profile","Employee/HR/Manager/Board","Authenticated session","Own profile/change password","Board profile page verified; browser password-change flow not yet","Partial","browser_smoke.py; browser_recovery_filters.py; AuthorizationTests"
"API+SQL","50 independent concurrent creates","Employee","50 dates, exact marker","50 unique IDs, no 500","50/50 passed after fix","Verified","TransactionValidationTests"
"API+SQL","Overlap and final-decision races","Employee/HR","Two concurrent actions","Only one wins","Passed","Verified","TransactionValidationTests"
"SQL","Constraints and manager cycles","Direct SQL","Rolled-back invalid and valid writes","Invalid rejected, valid accepted","Passed","Verified","DatabaseConstraintTests"
"Database","Backup verification before migrations","Operator","RMS-only COPY_ONLY/CHECKSUM","Readable backup","RESTORE VERIFYONLY passed","Verified backup only","MIGRATIONS.md"
"Database","Actual restore drill","Operator","Separate authorized database required","Restore and integrity check","Not run; only RMS is authorized","Blocked","RMS_Repair_Progress.md"
"Database","Missing lookup recovery and idempotency","Operator","Status 6 and type 3 absent inside rolled-back RMS transaction","Recover missing rows; preserve existing values; repeat without change","Passed; complete baseline row comparison after rollback","Verified","RMS_Test_Evidence/lookup_recovery.sql"
"Database","Fresh installation","Operator","Fresh isolated RMS schema","Boot and seed twice","Not run under RMS-only authorization","Blocked","RMS_Repair_Progress.md"
"Business","Carryover across year end","Owner","Cap and expiry undefined","Agreed calculation","Awaiting policy decision","Blocked","APP-BT-027"
"Browser","All pages / all actions / filters / export","All roles","Full workflow matrix","Every route/action verified","Partial; History and rejection paths remain","Open","RMS_Repair_Progress.md"
"Performance","Representative logical reads and pagination","Operator","Larger representative dataset","Bounded queries and measured reads","Batch/pagination verified; representative logical reads not run","Fixed, Not Verified","APP-BT-049 / DB-BT-014"
"Accessibility","Keyboard, focus, touch, ARIA","All roles","Dialog and screen-reader paths","Full keyboard/screen-reader support","CustomSelect keyboard only verified","Open","APP-BT-060/061"
